lopucki_name,lopucki_date,chapter,reason
"A. H. Robins Company, Inc.",1985-08-21,11,no name candidate >= 80
Air Florida System Inc.,1984-07-03,11,no name candidate >= 80
"Al Copeland Enterprises, Inc.",1991-04-04,11,no name candidate >= 80
Alexanders Inc.,1992-05-15,11,no name candidate >= 80
"Allegheny International, Inc.",1988-02-20,11,no name candidate >= 80
Allis-Chalmers Corp.,1987-06-29,11,no name candidate >= 80
"AM International, Inc. (1982)",1982-04-14,11,fuzzy 89 in 80-90 review band
"AM International, Inc. (1993)",1993-05-17,11,fuzzy 89 in 80-90 review band
Amarex Inc.,1982-12-02,11,no name candidate >= 80
Amdura Corp.,1990-04-02,11,no name candidate >= 80
America West Airlines Inc.,1991-06-27,11,fuzzy 84 in 80-90 review band
American Carriers Inc.,1988-08-16,11,no name candidate >= 80
American Continental Corporation,1989-04-13,11,no name candidate >= 80
"American Healthcare Management, Inc.",1987-08-07,11,no name candidate >= 80
"Ames Department Stores, Inc. (1990)",1990-04-25,11,no name candidate >= 80
Angeles Corp.,1993-05-03,11,no name candidate >= 80
"Anglo Energy, Ltd. (1983)",1983-11-04,11,fuzzy 85 in 80-90 review band
"AP Industries, Inc.",1990-03-29,11,fuzzy 89 in 80-90 review band
Appletree Markets Inc.,1992-01-02,11,no name candidate >= 80
"Baldwin Builders (Baldwin Building Contractors, L.P.)",1995-07-18,11,no name candidate >= 80
Baldwin-United Corporation,1983-09-26,11,no name candidate >= 80
Basix Corp.,1988-02-29,11,no name candidate >= 80
Bay Financial Corporation,1989-11-17,11,fuzzy 89 in 80-90 review band
Beker Industries Corp.,1985-10-21,11,no name candidate >= 80
"Best Products Company, Inc. (1991)",1991-01-04,11,no name candidate >= 80
Bonneville Pacific Corporation,1991-12-05,11,no name candidate >= 80
Braniff Inc. (1989),1989-09-28,11,no name candidate >= 80
Braniff International Corp. (1982),1982-05-13,11,no name candidate >= 80
"BSD Bancorp, Inc.",1993-11-03,11,fuzzy 82 in 80-90 review band
Buttes Gas & Oil Co.,1985-11-15,11,no name candidate >= 80
Calton Inc.,1993-03-09,11,no name candidate >= 80
Cardis Corp.,1988-05-25,11,no name candidate >= 80
Carter Hawley Hale Stores Inc.,1991-02-11,11,no name candidate >= 80
Centennial Group Inc.,1991-12-13,11,no name candidate >= 80
Cenvill Development Corp.,1992-06-19,11,no name candidate >= 80
CF & I Steel Corp.,1990-11-07,11,no name candidate >= 80
Charter Company,1984-04-20,11,no name candidate >= 80
Charter Medical Corp.,1992-06-02,11,fuzzy 86 in 80-90 review band
Cherokee Inc. (1993),1993-04-23,11,no name candidate >= 80
Child World Inc.,1992-05-06,11,no name candidate >= 80
Circle K Corp.,1990-05-15,11,no name candidate >= 80
Coleco Industries Inc.,1988-07-11,11,no name candidate >= 80
"Colorado-Ute Electric Association, Inc.",1990-03-30,11,no name candidate >= 80
Columbia Gas System Inc.,1991-07-31,11,no name candidate >= 80
"Combustion Equipment Associates, Inc.",1980-10-20,11,no name candidate >= 80
Continental Airlines Corp. (1983),1983-09-24,11,no name candidate >= 80
"Continental Airlines, Inc. (1990)",1990-12-03,11,no name candidate >= 80
Continental Information Systems Corp,1989-01-13,11,no name candidate >= 80
Cook United Inc. (1984),1984-10-01,11,no name candidate >= 80
"Crystal Brands, Inc.",1994-01-21,11,no name candidate >= 80
Crystal Oil Co.,1986-10-01,11,no name candidate >= 80
Daisy Systems Corp.,1990-05-30,11,fuzzy 81 in 80-90 review band
Days Inns of America Inc.,1991-09-27,11,no name candidate >= 80
De Laurentiis Entertainment Group Inc.,1988-08-16,11,no name candidate >= 80
"Divi Hotels, N.V.",1991-07-25,11,no name candidate >= 80
Doskocil Cos Inc.,1990-03-05,11,no name candidate >= 80
DR Holdings Inc. of Delaware,1992-08-26,11,no name candidate >= 80
Dreco Energy Services Ltd.,1982-06-25,11,fuzzy 84 in 80-90 review band
Eagle-Picher Industries Inc. (1991),1991-01-07,11,no name candidate >= 80
Eastern Airlines Inc.,1989-03-09,11,no name candidate >= 80
Edisto Resources Corp.,1992-10-26,11,fuzzy 83 in 80-90 review band
El Paso Electric Co.,1992-01-08,11,no name candidate >= 80
El Paso Refinery LP,1992-10-23,11,no name candidate >= 80
Enstar Group Inc.,1991-05-31,11,no name candidate >= 80
Envirodyne Industries Inc.,1993-01-06,11,no name candidate >= 80
EUA Power Corp.,1991-02-28,11,no name candidate >= 80
Evans Products Co.,1985-03-11,11,no name candidate >= 80
"Everex Systems, Inc.",1993-01-04,11,no name candidate >= 80
F & M Distributors Inc.,1994-12-05,11,no name candidate >= 80
Fairfield Communities Inc.,1990-10-03,11,no name candidate >= 80
"Federated Department Stores, Inc.",1990-01-15,11,no name candidate >= 80
Financial Corp. of Santa Barbara,1990-09-17,11,no name candidate >= 80
First Capital Holdings Corp.,1991-05-13,11,fuzzy 81 in 80-90 review band
"First City Bancorporation of Texas, Inc.",1992-10-31,11,no name candidate >= 80
First Executive Corp.,1991-05-13,11,no name candidate >= 80
First RepublicBank Corp,1988-07-30,11,no name candidate >= 80
"Firstcorp, Inc.",1990-12-05,11,no name candidate >= 80
Forum Group Inc.,1991-02-15,11,fuzzy 80 in 80-90 review band
Frontier Holdings Inc. (1986),1986-08-28,11,no name candidate >= 80
FSC Corporation,1981-09-25,11,no name candidate >= 80
"G. Heileman Brewing Co., Inc.",1996-04-03,11,no name candidate >= 80
Gaylord Container Corp,1992-09-11,11,no name candidate >= 80
General Development Corp.,1990-04-06,11,no name candidate >= 80
General Homes Corp.,1990-07-10,11,no name candidate >= 80
Gilbert Robinson Inc.,1991-11-26,11,no name candidate >= 80
Global Marine Inc.,1986-01-27,11,no name candidate >= 80
Great American Communications Co.,1993-11-05,11,no name candidate >= 80
"Greyhound Lines, Inc. (1990)",1990-06-04,11,no name candidate >= 80
"Greyhound Lines, Inc. (1994)",1994-11-02,no order for relief,no name candidate >= 80
Gulf USA Corp.,1993-10-18,11,no name candidate >= 80
Hadson Corp.,1992-10-15,11,no name candidate >= 80
"Harvard Industries, Inc. (1991)",1991-04-11,11,no name candidate >= 80
Healthco International Inc.,1993-06-10,11,fuzzy 80 in 80-90 review band
Hecks Inc.,1987-03-05,11,no name candidate >= 80
Hexcel Corp.,1993-12-06,11,no name candidate >= 80
"Highland Superstores, Inc.",1992-08-24,11,no name candidate >= 80
Hills Department Stores Inc.,1991-02-04,11,no name candidate >= 80
Hillsborough Holdings Corp.,1989-12-27,11,no name candidate >= 80
HRT Industries Inc.,1982-11-23,11,fuzzy 83 in 80-90 review band
Hunt International Resources Corp.,1985-03-26,11,no name candidate >= 80
Insilco Corp.,1991-01-13,11,no name candidate >= 80
Integrated Resources Inc.,1990-02-13,11,no name candidate >= 80
Interco Inc.,1991-01-24,11,fuzzy 88 in 80-90 review band
Intermark Inc.,1992-10-19,11,no name candidate >= 80
International American Homes Inc.,1990-04-16,11,fuzzy 82 in 80-90 review band
Itel Corporation,1981-01-19,11,no name candidate >= 80
Jamesway Corporation (1993),1993-07-19,11,no name candidate >= 80
Jesup Group Inc.,1991-10-17,11,no name candidate >= 80
JPS Textile Group Inc. (1991),1991-02-07,11,no name candidate >= 80
JWP Inc.,1993-12-21,11,no name candidate >= 80
Kaiser Steel Corp.,1987-02-11,11,no name candidate >= 80
KDT Industries Inc.,1982-08-05,11,no name candidate >= 80
Kinder Care Learning Centers Inc.,1992-11-10,11,no name candidate >= 80
Koger Properties Inc.,1991-09-25,11,no name candidate >= 80
Ladish Co. Inc.,1993-02-19,11,no name candidate >= 80
Leisure Technology Inc.,1991-04-26,11,no name candidate >= 80
"Leslie Fay Companies, Inc.",1993-04-05,11,no name candidate >= 80
Lionel Corp. (1982),1982-02-19,11,no name candidate >= 80
Lionel Corp. (1991),1991-06-14,11,no name candidate >= 80
Live Entertainment Inc.,1993-02-02,11,fuzzy 86 in 80-90 review band
Lomas Financial Corp. (1989),1989-09-24,11,no name candidate >= 80
Lone Star Industries Inc.,1990-12-10,11,no name candidate >= 80
LTV Corp. (1986),1986-07-17,11,no name candidate >= 80
Manville Corp.,1982-08-26,11,no name candidate >= 80
Marion Corp.,1983-03-04,11,no name candidate >= 80
Maxicare Health Plans Inc.,1989-03-15,11,no name candidate >= 80
"Mayflower Group Inc. (MG Holdings, Inc.)",1992-01-27,11,no name candidate >= 80
McCrory Corp.,1992-02-26,11,no name candidate >= 80
McLean Industries Inc.,1986-11-24,11,fuzzy 82 in 80-90 review band
McLouth Steel Corp.,1981-12-08,11,no name candidate >= 80
Mcorp,1989-03-24,11,no name candidate >= 80
"Megafoods Stores, Inc.",1994-08-17,11,no name candidate >= 80
Memorex Telex N.V. (1992),1992-01-06,11,no name candidate >= 80
Memorex Telex N.V. (1994),1994-02-11,11,no name candidate >= 80
MGF Oil Corp.,1984-12-14,11,no name candidate >= 80
Michigan General Corporation (1987),1987-04-22,11,no name candidate >= 80
Midway Airlines Inc. (1991),1991-03-25,11,no name candidate >= 80
MiniScribe Corp.,1990-01-01,11,no name candidate >= 80
MMR Holding Corp.,1990-03-28,11,fuzzy 87 in 80-90 review band
Monarch Capital Corp.,1991-05-30,11,no name candidate >= 80
Mortgage & Realty Trust (1990),1990-04-12,11,no name candidate >= 80
NACO Finance Corp.,1991-05-09,11,fuzzy 80 in 80-90 review band
National Convenience Stores Inc.,1991-12-09,11,no name candidate >= 80
National Gypsum Co.,1990-10-28,11,no name candidate >= 80
New Century Communications Inc.,1991-12-23,11,no name candidate >= 80
New Valley Corp.,1991-11-15,11,no name candidate >= 80
Nucorp Energy Inc.,1982-07-27,11,no name candidate >= 80
NVR LP,1992-04-06,11,no name candidate >= 80
"O Brien Environmental Energy, Inc.",1994-09-28,11,no name candidate >= 80
Orion Pictures Corp.,1991-12-11,11,no name candidate >= 80
Oxford Energy Co.,1992-08-24,11,no name candidate >= 80
Pan Am Corp.,1991-01-08,11,no name candidate >= 80
"Pay N Pak Stores, Inc.",1991-09-21,11,no name candidate >= 80
"Penn-Dixie Industries, Inc.",1980-04-07,11,no name candidate >= 80
Petrolane Gas Service LP,1993-05-21,11,no name candidate >= 80
Pettibone Corporation,1986-01-31,11,no name candidate >= 80
Phoenix Steel Corp.,1983-08-12,11,no name candidate >= 80
"P-I-E Nationwide, Inc.",1990-10-16,11,no name candidate >= 80
Plaid Clothing Group Inc.,1995-07-17,11,no name candidate >= 80
Prime Motor Inns Inc.,1990-09-18,11,no name candidate >= 80
Public Service Co of New Hampshire,1988-01-28,11,no name candidate >= 80
Qintex Entertainment Inc.,1989-10-19,11,fuzzy 81 in 80-90 review band
Radice Corp.,1988-02-25,11,no name candidate >= 80
REPH Acquisition Co.,1989-12-15,11,no name candidate >= 80
Residential Resources Mortgage Investments Corp.,1989-01-09,11,no name candidate >= 80
Resorts International Inc. (1989),1989-11-12,11,fuzzy 84 in 80-90 review band
Restaurant Enterprises Group Inc.,1993-11-23,11,no name candidate >= 80
Revco D.S. Inc.,1988-07-28,11,no name candidate >= 80
Revere Copper & Brass Inc.,1982-10-27,11,no name candidate >= 80
Rexene Corp.,1991-10-18,11,no name candidate >= 80
Rickel Home Centers Inc.,1996-01-10,11,no name candidate >= 80
Roses Stores Inc.,1993-09-05,11,no name candidate >= 80
Salant Corp. (1990),1990-06-27,11,no name candidate >= 80
"Sambos Restaurants, Inc.",1981-11-27,11,no name candidate >= 80
Saxon Industries Inc.,1982-04-15,11,fuzzy 88 in 80-90 review band
"Seatrain Lines, Inc.",1981-02-11,11,no name candidate >= 80
Servam Corp.,1992-10-20,11,no name candidate >= 80
Singer Co. (Bicoastal Corporation),1989-11-10,11,no name candidate >= 80
Smith International Inc.,1986-03-07,11,fuzzy 83 in 80-90 review band
Southland Corp.,1990-10-24,11,no name candidate >= 80
Southmark Corp.,1989-07-13,11,no name candidate >= 80
"SPI Holding, Inc.",1992-09-17,11,fuzzy 80 in 80-90 review band
Spreckels Industries Inc.,1992-10-14,11,no name candidate >= 80
Standard Brands Paint Co.,1992-02-11,11,no name candidate >= 80
Storage Technology Corp.,1984-10-31,11,fuzzy 80 in 80-90 review band
Sudbury Inc.,1992-01-10,11,no name candidate >= 80
Tacoma Boatbuilding Co. (1985),1985-09-23,11,no name candidate >= 80
Tandon Corp. (TSL Holdings Inc.),1993-03-05,11,no name candidate >= 80
Technical Equities Corp.,1986-02-07,11,no name candidate >= 80
Telesphere Communications Inc.,1991-08-19,11,no name candidate >= 80
Texaco Inc.,1987-04-12,11,no name candidate >= 80
Texas American Bancshares Inc.,1989-08-02,11,no name candidate >= 80
TGX Corp.,1990-02-22,11,no name candidate >= 80
Thermadyne Holdings Corp. (1993),1993-12-02,11,no name candidate >= 80
Todd Shipyards Corp.,1987-08-17,11,no name candidate >= 80
Towle Mfg. Co. (1986),1986-03-24,11,no name candidate >= 80
Towner Petroleum Co.,1984-09-25,11,no name candidate >= 80
Tracor Inc.,1991-02-15,11,no name candidate >= 80
"Trans World Airlines, Inc. (1992)",1992-01-31,11,no name candidate >= 80
"Trans World Airlines, Inc. (1995)",1995-06-30,11,no name candidate >= 80
Trump Plaza Funding Inc.,1992-03-09,11,no name candidate >= 80
Trump Taj Mahal Funding Inc.,1991-07-16,11,no name candidate >= 80
Trumps Castle Funding Inc.,1992-03-09,11,fuzzy 83 in 80-90 review band
U.S. Home Corp.,1991-04-15,11,no name candidate >= 80
"UDC Homes, Inc.",1995-05-17,11,no name candidate >= 80
United Merchants & Manufacturers Inc.,1990-11-02,11,no name candidate >= 80
UNR Industries Inc.,1982-07-29,11,fuzzy 81 in 80-90 review band
Value Merchants Inc.,1993-12-13,11,no name candidate >= 80
Vestron Inc.,1990-11-01,11,no name candidate >= 80
Wang Laboratories Inc.,1992-08-18,11,fuzzy 81 in 80-90 review band
WedTech Corp.,1986-12-15,11,no name candidate >= 80
"West Point-Pepperell, Inc. (West Point Acquisition Corp. only)",1992-06-09,11,no name candidate >= 80
Western Co. of North America,1988-02-02,11,no name candidate >= 80
Western Preferred Corp.,1985-08-13,11,no name candidate >= 80
Wheeling-Pittsburgh Steel Corp. (1985),1985-04-16,11,no name candidate >= 80
White Motor Corp.,1980-09-04,11,no name candidate >= 80
"Wickes Companies, Inc.",1982-04-24,11,fuzzy 80 in 80-90 review band
Wilson Foods Corp. (1983),1983-04-22,11,no name candidate >= 80
"Worlds of Wonder, Inc.",1987-12-21,11,no name candidate >= 80
WTD Industries Inc.,1991-01-30,11,fuzzy 86 in 80-90 review band
Zale Corp.,1992-01-01,11,no name candidate >= 80
