cik,company,event_date,source,chapter,sic,excluded_sic,reason,n_usgaap_tags,n_quarters_extracted
1002682,HORIZON FINANCIAL CORP,2010-01-11,8K_FTS+8K_SUBMISSIONS,,6022.0,,no 10-K/10-Q with a period end in 2010-2024,,
1454238,"Protective Products of America, Inc.",2010-01-14,8K_FTS+8K_SUBMISSIONS,,3842.0,,no 10-K/10-Q with a period end in 2010-2024,,
1098685,"Dynamic Response Group, Inc.",2010-01-15,8K_FTS+8K_SUBMISSIONS,,5961.0,,no 10-K/10-Q with a period end in 2010-2024,,
1276476,MORRIS PUBLISHING FINANCE CO,2010-01-20,8K_FTS+8K_SUBMISSIONS,,2711.0,,no 10-K/10-Q with a period end in 2010-2024,,
918944,"MediaNews Group, Inc. (Affiliated Media, Inc. only)",2010-01-22,LOPUCKI,11.0,2711.0,,no 10-K/10-Q with a period end in 2010-2024,,
1143566,EVERGREENBANCORP INC,2010-01-25,8K_FTS+8K_SUBMISSIONS+LOPUCKI,7.0,6035.0,,no 10-K/10-Q with a period end in 2010-2024,,
1010002,COLUMBIA BANCORP \OR\,2010-01-26,8K_SUBMISSIONS,,6022.0,,no 10-K/10-Q with a period end in 2010-2024,,
878808,FIRSTGOLD CORP.,2010-01-29,8K_FTS+8K_SUBMISSIONS,,1040.0,,no 10-K/10-Q with a period end in 2010-2024,,
356708,FIRST REGIONAL BANCORP,2010-02-01,8K_FTS+8K_SUBMISSIONS,,6022.0,,no 10-K/10-Q with a period end in 2010-2024,,
1409136,"Yippy, Inc.",2010-02-01,8K_SUBMISSIONS,,7372.0,,no entry in companyfacts.zip (never filed XBRL),,
1296595,CROSS CANYON ENERGY CORP.,2010-02-02,8K_FTS+8K_SUBMISSIONS,,1311.0,,no 10-K/10-Q with a period end in 2010-2024,,
1115568,WGNB CORP,2010-02-02,8K_FTS+8K_SUBMISSIONS,,6021.0,,no 10-K/10-Q with a period end in 2010-2024,,
1170902,FLORIDA COMMUNITY BANKS INC,2010-02-02,8K_FTS+8K_SUBMISSIONS,,6022.0,,no 10-K/10-Q with a period end in 2010-2024,,
925178,"Movie Gallery, Inc. (2010)",2010-02-02,LOPUCKI,11.0,7841.0,,no 10-K/10-Q with a period end in 2010-2024,,
1355804,Spheris Inc.,2010-02-03,LOPUCKI,11.0,7389.0,,no 10-K/10-Q with a period end in 2010-2024,,
855667,"Neenah Enterprises, Inc. (2010)",2010-02-03,8K_FTS+8K_SUBMISSIONS+LOPUCKI,11.0,3320.0,,no 10-K/10-Q with a period end in 2010-2024,,
1040599,NEENAH FOUNDRY CO,2010-02-04,8K_FTS+8K_SUBMISSIONS,,3320.0,,no 10-K/10-Q with a period end in 2010-2024,,
1307425,CARBIZ INC,2010-02-12,8K_FTS+8K_SUBMISSIONS,,5500.0,,no 10-K/10-Q with a period end in 2010-2024,,
1129695,"BioAuthorize Holdings, Inc.",2010-02-18,8K_FTS+8K_SUBMISSIONS,,6552.0,,no 10-K/10-Q with a period end in 2010-2024,,
1221354,MARCO COMMUNITY BANCORP INC,2010-02-25,8K_FTS+8K_SUBMISSIONS,,6035.0,6035.0,SIC excluded (financial 6000-6799),,
919226,SMURFIT STONE CONTAINER CORP,2010-02-25,8K_FTS+8K_SUBMISSIONS,,2631.0,,no entry in companyfacts.zip (never filed XBRL),,
771485,PDG ENVIRONMENTAL INC,2010-02-26,8K_FTS+8K_SUBMISSIONS,,4955.0,,no 10-K/10-Q with a period end in 2010-2024,,
913015,REGENT COMMUNICATIONS INC,2010-03-01,8K_FTS+8K_SUBMISSIONS,,4832.0,,no 10-K/10-Q with a period end in 2010-2024,,
1243800,RAINIER PACIFIC FINANCIAL GROUP INC,2010-03-01,8K_FTS+8K_SUBMISSIONS,,6022.0,,no 10-K/10-Q with a period end in 2010-2024,,
38570,"Orleans Homebuilders, Inc.",2010-03-01,8K_FTS+8K_SUBMISSIONS+LOPUCKI,11.0,1531.0,,no 10-K/10-Q with a period end in 2010-2024,,
937969,BERTHEL GROWTH & INCOME TRUST I,2010-03-05,8K_FTS+8K_SUBMISSIONS,,,,no 10-K/10-Q with a period end in 2010-2024,,
920317,US DRY CLEANING CORP,2010-03-05,8K_FTS+8K_SUBMISSIONS,,7200.0,,no 10-K/10-Q with a period end in 2010-2024,,
1125532,"VERTICAL BRANDING, INC.",2010-03-05,8K_FTS+8K_SUBMISSIONS,,5960.0,,no 10-K/10-Q with a period end in 2010-2024,,
1050112,ANTHRACITE CAPITAL INC,2010-03-15,8K_FTS+8K_SUBMISSIONS+LOPUCKI,7.0,6798.0,,no 10-K/10-Q with a period end in 2010-2024,,
1019883,APPALACHIAN BANCSHARES INC,2010-03-24,8K_FTS+8K_SUBMISSIONS,,6022.0,,no 10-K/10-Q with a period end in 2010-2024,,
949228,BEACH FIRST NATIONAL BANCSHARES INC,2010-04-12,8K_FTS+8K_SUBMISSIONS+LOPUCKI,7.0,6021.0,,no 10-K/10-Q with a period end in 2010-2024,,
1137469,"NOVA BIOSOURCE FUELS, INC.",2010-04-14,8K_FTS+8K_SUBMISSIONS,,2911.0,,no 10-K/10-Q with a period end in 2010-2024,,
899166,"POINT BLANK SOLUTIONS, INC.",2010-04-14,8K_FTS+8K_SUBMISSIONS,,3842.0,,no 10-K/10-Q with a period end in 2010-2024,,
1099980,TAMALPAIS BANCORP,2010-04-19,8K_FTS+8K_SUBMISSIONS+LOPUCKI,7.0,6022.0,,no 10-K/10-Q with a period end in 2010-2024,,
758256,Saint James CO,2010-04-22,8K_FTS+8K_SUBMISSIONS,,9995.0,,no 10-K/10-Q with a period end in 2010-2024,,
878774,American Mortgage Acceptance Company,2010-04-26,8K_FTS+8K_SUBMISSIONS+LOPUCKI,11.0,6798.0,,no 10-K/10-Q with a period end in 2010-2024,,
1070510,SARS CORP.,2010-04-27,8K_FTS+8K_SUBMISSIONS,,7372.0,,no 10-K/10-Q with a period end in 2010-2024,,
1016933,R&G FINANCIAL CORP,2010-04-30,8K_FTS+8K_SUBMISSIONS,,6022.0,,no 10-K/10-Q with a period end in 2010-2024,,
716457,FRONTIER FINANCIAL CORP /WA/,2010-05-03,8K_FTS+8K_SUBMISSIONS,,6022.0,,no 10-K/10-Q with a period end in 2010-2024,,
1161924,"MiddleBrook Pharmaceuticals, Inc.",2010-05-04,8K_FTS+8K_SUBMISSIONS,,2834.0,,no entry in companyfacts.zip (never filed XBRL),,
1084887,W HOLDING CO INC,2010-05-04,8K_FTS+8K_SUBMISSIONS,,6022.0,,no 10-K/10-Q with a period end in 2010-2024,,
1164554,EUROBANCSHARES INC,2010-05-04,8K_FTS+8K_SUBMISSIONS,,6029.0,,no 10-K/10-Q with a period end in 2010-2024,,
1127442,CITIZENS FIRST BANCORP INC,2010-05-06,8K_FTS+8K_SUBMISSIONS,,6036.0,,no 10-K/10-Q with a period end in 2010-2024,,
1330487,CHEM RX CORP,2010-05-12,8K_FTS+8K_SUBMISSIONS,,6770.0,,no 10-K/10-Q with a period end in 2010-2024,,
1047153,CERTIFIED DIABETIC SERVICES INC,2010-05-13,8K_FTS+8K_SUBMISSIONS,,8090.0,,no 10-K/10-Q with a period end in 2010-2024,,
1380712,1st Pacific Bancorp,2010-05-13,8K_FTS+8K_SUBMISSIONS,,6022.0,,no 10-K/10-Q with a period end in 2010-2024,,
318259,"MDI, INC.",2010-05-14,8K_FTS+8K_SUBMISSIONS,,3861.0,,no 10-K/10-Q with a period end in 2010-2024,,
1057725,Neff Corp.,2010-05-16,LOPUCKI,11.0,7359.0,,no 10-K/10-Q with a period end in 2010-2024,,
1051379,MIDWEST BANC HOLDINGS INC,2010-05-20,8K_FTS+8K_SUBMISSIONS+LOPUCKI,11.0,6021.0,6021.0,SIC excluded (financial 6000-6799),,
1082368,BANK OF FLORIDA CORP,2010-06-01,8K_FTS+8K_SUBMISSIONS,,6021.0,6021.0,SIC excluded (financial 6000-6799),,
1180743,"CERAGENIX PHARMACEUTICALS, INC.",2010-06-03,8K_FTS+8K_SUBMISSIONS,,3841.0,,no 10-K/10-Q with a period end in 2010-2024,,
1047290,"Newark Group, Inc.",2010-06-09,LOPUCKI,11.0,2631.0,,no 10-K/10-Q with a period end in 2010-2024,,
23341,CONGOLEUM CORP,2010-06-10,8K_FTS+8K_SUBMISSIONS,,3089.0,,no entry in companyfacts.zip (never filed XBRL),,
1003429,REUNION INDUSTRIES INC,2010-06-11,8K_FTS+8K_SUBMISSIONS,,3089.0,,no 10-K/10-Q with a period end in 2010-2024,,
1066961,"Infosmart Group, Inc.",2010-06-18,8K_FTS+8K_SUBMISSIONS,,3652.0,,no entry in companyfacts.zip (never filed XBRL),,
1170605,TierOne Corporation,2010-06-24,8K_FTS+8K_SUBMISSIONS+LOPUCKI,7.0,6035.0,,no 10-K/10-Q with a period end in 2010-2024,,
1234383,BANK HOLDINGS,2010-06-24,8K_FTS+8K_SUBMISSIONS+LOPUCKI,7.0,6022.0,,no 10-K/10-Q with a period end in 2010-2024,,
1163958,MEDICAL STAFFING NETWORK HOLDINGS INC,2010-07-09,8K_FTS+8K_SUBMISSIONS,,7363.0,,no entry in companyfacts.zip (never filed XBRL),,
1089787,BAY NATIONAL CORP,2010-07-15,8K_FTS+8K_SUBMISSIONS,,6021.0,6021.0,SIC excluded (financial 6000-6799),,
1305748,HEALTHCARE PROVIDERS DIRECT INC.,2010-07-16,8K_FTS+8K_SUBMISSIONS,,5047.0,,no 10-K/10-Q with a period end in 2010-2024,,
806817,JENNIFER CONVERTIBLES INC,2010-07-20,8K_FTS+8K_SUBMISSIONS,,5712.0,,no entry in companyfacts.zip (never filed XBRL),,
1095274,FIRST NATIONAL BANCSHARES INC /SC/,2010-07-21,8K_FTS+8K_SUBMISSIONS+LOPUCKI,7.0,6021.0,6021.0,SIC excluded (financial 6000-6799),,
1084727,Nexity Financial Corporation,2010-07-22,LOPUCKI,11.0,6022.0,,no 10-K/10-Q with a period end in 2010-2024,,
1116694,CAPITAL GROWTH SYSTEMS INC /FL/,2010-07-23,8K_FTS+8K_SUBMISSIONS,,7389.0,,no entry in companyfacts.zip (never filed XBRL),,
883476,CRESCENT BANKING CO,2010-07-26,8K_FTS+8K_SUBMISSIONS,,6022.0,6022.0,SIC excluded (financial 6000-6799),,
1141590,PLAYLOGIC ENTERTAINMENT INC,2010-07-27,8K_FTS+8K_SUBMISSIONS,,7372.0,,no entry in companyfacts.zip (never filed XBRL),,
819551,ILX RESORTS INC,2010-07-28,8K_FTS+8K_SUBMISSIONS,,6532.0,6532.0,SIC excluded (financial 6000-6799),,
894267,COWLITZ BANCORPORATION,2010-08-02,8K_FTS+8K_SUBMISSIONS,,6022.0,6022.0,SIC excluded (financial 6000-6799),,
1059397,KOLORFUSION INTERNATIONAL INC,2010-08-02,8K_FTS+8K_SUBMISSIONS,,2750.0,,no 10-K/10-Q with a period end in 2010-2024,,
74783,ACCEPTANCE INSURANCE COMPANIES INC,2010-08-10,8K_FTS+8K_SUBMISSIONS,,6331.0,,no 10-K/10-Q with a period end in 2010-2024,,
314132,FLEETWOOD ENTERPRISES INC/DE/,2010-08-11,8K_FTS+8K_SUBMISSIONS,,3716.0,,no 10-K/10-Q with a period end in 2010-2024,,
1093273,MAGNA ENTERTAINMENT CORP,2010-08-12,8K_FTS+8K_SUBMISSIONS,,7948.0,,no 10-K/10-Q with a period end in 2010-2024,,
1157443,"nCoat, Inc.",2010-08-16,8K_FTS+8K_SUBMISSIONS,,3470.0,,no entry in companyfacts.zip (never filed XBRL),,
714756,"AMCORE Financial, Inc.",2010-08-19,8K_FTS+8K_SUBMISSIONS+LOPUCKI,11.0,6021.0,,no 10-K/10-Q with a period end in 2010-2024,,
1329184,"Chartwell International, Inc.",2010-08-20,8K_FTS+8K_SUBMISSIONS,,4011.0,,no 10-K/10-Q with a period end in 2010-2024,,
878731,FINLAY ENTERPRISES INC /DE,2010-08-24,8K_FTS+8K_SUBMISSIONS,,5944.0,,no 10-K/10-Q with a period end in 2010-2024,,
1170833,COMMUNITY VALLEY BANCORP,2010-08-25,8K_FTS+8K_SUBMISSIONS,,6035.0,6035.0,SIC excluded (financial 6000-6799),,
1120427,SONOMA VALLEY BANCORP,2010-08-25,8K_FTS+8K_SUBMISSIONS,,6021.0,6021.0,SIC excluded (financial 6000-6799),,
947425,PROFESSIONAL VETERINARY PRODUCTS LTD /NE/,2010-08-25,8K_FTS+8K_SUBMISSIONS,,5099.0,,no entry in companyfacts.zip (never filed XBRL),,
921549,"Trico Marine Services, Inc. (2010)",2010-08-25,8K_FTS+8K_SUBMISSIONS+LOPUCKI,11.0,4400.0,,no entry in companyfacts.zip (never filed XBRL),,
1063997,"Harrington West Financial Group, Inc.",2010-09-10,LOPUCKI,11.0,6035.0,,no 10-K/10-Q with a period end in 2010-2024,,
1122887,JAVA DETOUR INC.,2010-09-10,8K_FTS+8K_SUBMISSIONS,,5400.0,,no 10-K/10-Q with a period end in 2010-2024,,
898660,STATION CASINOS INC,2010-09-15,8K_FTS+8K_SUBMISSIONS,,7990.0,,no entry in companyfacts.zip (never filed XBRL),,
1074458,HORIZON BANCORPORATION INC,2010-09-17,8K_FTS+8K_SUBMISSIONS,,6021.0,6021.0,SIC excluded (financial 6000-6799),,
1402364,"Ultimate Escapes, Inc.",2010-09-20,8K_FTS+8K_SUBMISSIONS,,7011.0,,no entry in companyfacts.zip (never filed XBRL),,
1085734,Blockbuster Inc.,2010-09-23,8K_FTS+8K_SUBMISSIONS+LOPUCKI,11.0,7841.0,,no entry in companyfacts.zip (never filed XBRL),,
1083036,ELECTRONIC GAME CARD INC,2010-09-29,8K_FTS+8K_SUBMISSIONS,,3990.0,,no 10-K/10-Q with a period end in 2010-2024,,
1240722,SOLOMON TECHNOLOGIES INC,2010-09-30,8K_FTS+8K_SUBMISSIONS,,3621.0,,no 10-K/10-Q with a period end in 2010-2024,,
1393614,"Kentucky USA Energy, Inc.",2010-10-07,8K_FTS+8K_SUBMISSIONS,,1311.0,,no entry in companyfacts.zip (never filed XBRL),,
913665,TerreStar Corporation (TerreStar Networks Inc. only) (2010),2010-10-19,8K_FTS+8K_SUBMISSIONS+LOPUCKI,11.0,4899.0,,no entry in companyfacts.zip (never filed XBRL),,
1289370,MetaMorphix Inc.,2010-10-22,8K_FTS+8K_SUBMISSIONS,,2834.0,,no 10-K/10-Q with a period end in 2010-2024,,
904901,WatchIt Technologies Inc.,2010-10-22,8K_SUBMISSIONS,,7389.0,,no 10-K/10-Q with a period end in 2010-2024,,
895648,GENERAL GROWTH PROPERTIES INC,2010-10-27,8K_FTS+8K_SUBMISSIONS,,6798.0,6798.0,SIC excluded (financial 6000-6799),,
726990,AMERICANWEST BANCORPORATION,2010-10-28,8K_FTS+8K_SUBMISSIONS+LOPUCKI,11.0,6022.0,6022.0,SIC excluded (financial 6000-6799),,
1405419,GULFSTREAM INTERNATIONAL GROUP INC,2010-11-05,8K_FTS+8K_SUBMISSIONS,,4512.0,,no entry in companyfacts.zip (never filed XBRL),,
104599,CIRCUIT CITY STORES INC,2010-11-05,8K_FTS+8K_SUBMISSIONS,,5731.0,,no 10-K/10-Q with a period end in 2010-2024,,
874501,"Ambac Financial Group, Inc.",2010-11-08,8K_FTS+8K_SUBMISSIONS+LOPUCKI,11.0,6351.0,6351.0,SIC excluded (financial 6000-6799),,
1284453,VISUAL MANAGEMENT SYSTEMS INC,2010-11-10,8K_FTS+8K_SUBMISSIONS,,3669.0,,no entry in companyfacts.zip (never filed XBRL),,
1178717,"Vertis, Inc. (2010)",2010-11-17,LOPUCKI,11.0,7311.0,,no 10-K/10-Q with a period end in 2010-2024,,
853927,"American Media Operations, Inc.",2010-11-17,LOPUCKI,11.0,2721.0,,no 10-K/10-Q with a period end in 2010-2024,,
1439600,"Local Insight Regatta Holdings, Inc.",2010-11-17,8K_FTS+8K_SUBMISSIONS+LOPUCKI,11.0,2741.0,,no entry in companyfacts.zip (never filed XBRL),,
923473,"Palm Harbor Homes, Inc.",2010-11-29,8K_FTS+8K_SUBMISSIONS+LOPUCKI,11.0,2452.0,,no entry in companyfacts.zip (never filed XBRL),,
1329605,PLATINUM ENERGY RESOURCES INC,2010-12-01,8K_FTS+8K_SUBMISSIONS,,1311.0,,no entry in companyfacts.zip (never filed XBRL),,
928800,KH FUNDING CO,2010-12-06,8K_FTS+8K_SUBMISSIONS,,6162.0,,no 10-K/10-Q with a period end in 2010-2024,,
840216,CALIFORNIA COASTAL COMMUNITIES INC,2010-12-08,8K_FTS+8K_SUBMISSIONS,,1531.0,,no entry in companyfacts.zip (never filed XBRL),,
1452206,"Ad Systems Communications, Inc.",2010-12-09,8K_FTS+8K_SUBMISSIONS,,7389.0,,no entry in companyfacts.zip (never filed XBRL),,
1410637,"RHI Entertainment, Inc.",2010-12-10,8K_FTS+8K_SUBMISSIONS+LOPUCKI,11.0,7812.0,,no entry in companyfacts.zip (never filed XBRL),,
1340752,"Molecular Insight Pharmaceuticals, Inc.",2010-12-14,8K_FTS+8K_SUBMISSIONS,,2834.0,,no entry in companyfacts.zip (never filed XBRL),,
1145238,INSIGHT HEALTH SERVICES HOLDINGS CORP,2010-12-14,8K_FTS+8K_SUBMISSIONS,,8071.0,,no entry in companyfacts.zip (never filed XBRL),,
29806,Constar International Inc. (2011),2011-01-11,8K_FTS+8K_SUBMISSIONS+LOPUCKI,11.0,3080.0,,no entry in companyfacts.zip (never filed XBRL),,
1295879,CommunitySouth Financial CORP,2011-01-24,8K_FTS+8K_SUBMISSIONS,,6021.0,6021.0,SIC excluded (financial 6000-6799),,
1092302,JAVO BEVERAGE CO INC,2011-01-24,8K_FTS+8K_SUBMISSIONS,,2080.0,,no entry in companyfacts.zip (never filed XBRL),,
1094572,"ICOP DIGITAL, INC",2011-01-25,8K_FTS+8K_SUBMISSIONS,,3663.0,,no entry in companyfacts.zip (never filed XBRL),,
897861,FIRST STATE BANCORPORATION,2011-02-01,8K_FTS+8K_SUBMISSIONS+LOPUCKI,7.0,6022.0,6022.0,SIC excluded (financial 6000-6799),,
1346222,FIRST UNITED ETHANOL LLC,2011-02-02,8K_FTS+8K_SUBMISSIONS,,2860.0,,no entry in companyfacts.zip (never filed XBRL),,
1452384,"Seahawk Drilling, Inc.",2011-02-11,8K_FTS+8K_SUBMISSIONS+LOPUCKI,11.0,1381.0,,no entry in companyfacts.zip (never filed XBRL),,
1235091,PSB GROUP INC,2011-02-14,8K_FTS+8K_SUBMISSIONS,,6021.0,6021.0,SIC excluded (financial 6000-6799),,
96638,ADVANTA CORP,2011-02-16,8K_FTS+8K_SUBMISSIONS,,6141.0,,no 10-K/10-Q with a period end in 2010-2024,,
940510,"Borders Group, Inc.",2011-02-16,8K_FTS+8K_SUBMISSIONS+LOPUCKI,11.0,5940.0,,no entry in companyfacts.zip (never filed XBRL),,
754597,HABERSHAM BANCORP,2011-02-23,8K_FTS+8K_SUBMISSIONS,,6022.0,6022.0,SIC excluded (financial 6000-6799),,
71322,BANK OF NEW ENGLAND CORP,2011-02-28,8K_SUBMISSIONS,,6021.0,,no 10-K/10-Q with a period end in 2010-2024,,
790414,GOTTSCHALKS INC,2011-03-02,8K_FTS+8K_SUBMISSIONS,,5311.0,,no 10-K/10-Q with a period end in 2010-2024,,
1289871,MPC CORP,2011-03-14,8K_FTS+8K_SUBMISSIONS,,7372.0,,no 10-K/10-Q with a period end in 2010-2024,,
1122101,"EPIC ENERGY RESOURCES, INC.",2011-03-24,8K_FTS+8K_SUBMISSIONS,,8742.0,,no entry in companyfacts.zip (never filed XBRL),,
1076462,ALPHATRADE COM,2011-03-28,8K_FTS+8K_SUBMISSIONS,,7389.0,,no entry in companyfacts.zip (never filed XBRL),,
1334127,"Harry & David Holdings, Inc.",2011-03-28,8K_FTS+8K_SUBMISSIONS,,5990.0,,no entry in companyfacts.zip (never filed XBRL),,
1321099,"DigitalPost Interactive, Inc.",2011-04-01,8K_FTS+8K_SUBMISSIONS,,7374.0,,no entry in companyfacts.zip (never filed XBRL),,
766004,"Sbarro, Inc.",2011-04-04,LOPUCKI,11.0,5812.0,,no entry in companyfacts.zip (never filed XBRL),,
58592,4 KIDS ENTERTAINMENT INC,2011-04-06,8K_FTS+8K_SUBMISSIONS,,6794.0,6794.0,SIC excluded (financial 6000-6799),,
946842,AMBASSADORS INTERNATIONAL INC,2011-04-07,8K_FTS+8K_SUBMISSIONS,,4700.0,,no entry in companyfacts.zip (never filed XBRL),,
883697,REGEN BIOLOGICS INC,2011-04-11,8K_FTS+8K_SUBMISSIONS,,3841.0,,no 10-K/10-Q with a period end in 2010-2024,,
317477,COMPOSITE TECHNOLOGY CORP,2011-04-11,8K_FTS+8K_SUBMISSIONS,,3600.0,,no entry in companyfacts.zip (never filed XBRL),,
1065298,SUPERIOR BANCORP,2011-04-19,8K_FTS+8K_SUBMISSIONS,,6022.0,6022.0,SIC excluded (financial 6000-6799),,
19731,CANAL Corp,2011-04-19,8K_FTS+8K_SUBMISSIONS,,2650.0,,no 10-K/10-Q with a period end in 2010-2024,,
1338949,Majestic Capital Ltd.,2011-04-29,8K_FTS+8K_SUBMISSIONS+LOPUCKI,11.0,6331.0,6331.0,SIC excluded (financial 6000-6799),,
705200,PAB BANKSHARES INC,2011-05-02,8K_FTS+8K_SUBMISSIONS,,6022.0,6022.0,SIC excluded (financial 6000-6799),,
1103078,RASER TECHNOLOGIES INC,2011-05-03,8K_FTS+8K_SUBMISSIONS,,4911.0,,no entry in companyfacts.zip (never filed XBRL),,
1014133,COMMUNITY CENTRAL BANK CORP,2011-05-04,8K_FTS+8K_SUBMISSIONS,,6022.0,6022.0,SIC excluded (financial 6000-6799),,
1014653,PROFILE TECHNOLOGIES INC,2011-05-10,8K_FTS+8K_SUBMISSIONS,,3559.0,,no entry in companyfacts.zip (never filed XBRL),,
1406081,Guaranty Financial Group Inc.,2011-05-13,8K_FTS+8K_SUBMISSIONS,,6035.0,,no 10-K/10-Q with a period end in 2010-2024,,
821536,HEARUSA INC,2011-05-19,8K_FTS+8K_SUBMISSIONS,,5990.0,,no entry in companyfacts.zip (never filed XBRL),,
1313730,"Atlantic Southern Financial Group, Inc.",2011-05-23,8K_FTS+8K_SUBMISSIONS,,6035.0,6035.0,SIC excluded (financial 6000-6799),,
1283552,JACKSON HEWITT TAX SERVICE INC,2011-05-24,8K_FTS+8K_SUBMISSIONS+LOPUCKI,11.0,7200.0,,no entry in companyfacts.zip (never filed XBRL),,
1360581,"FGBC Bancshares, Inc.",2011-05-25,8K_FTS+8K_SUBMISSIONS,,6021.0,6021.0,SIC excluded (financial 6000-6799),,
1047040,Perkins & Marie Callenders Inc.,2011-06-13,LOPUCKI,11.0,5812.0,,no entry in companyfacts.zip (never filed XBRL),,
872545,MCINTOSH BANCSHARES INC /GA/,2011-06-21,8K_FTS+8K_SUBMISSIONS,,6022.0,6022.0,SIC excluded (financial 6000-6799),,
830519,EMAX HOLDINGS CORP,2011-06-23,8K_FTS+8K_SUBMISSIONS,,6770.0,,no 10-K/10-Q with a period end in 2010-2024,,
97052,TELTRONICS INC,2011-06-27,8K_FTS+8K_SUBMISSIONS,,3661.0,,no entry in companyfacts.zip (never filed XBRL),,
1112485,PRIMEHOLDINGS COM INC,2011-06-27,8K_FTS+8K_SUBMISSIONS,,7389.0,,no 10-K/10-Q with a period end in 2010-2024,,
1056758,"Nebraska Book Company, Inc.",2011-06-27,LOPUCKI,11.0,5190.0,,no entry in companyfacts.zip (never filed XBRL),,
1162245,FPB BANCORP INC,2011-07-18,8K_FTS+8K_SUBMISSIONS,,6021.0,6021.0,SIC excluded (financial 6000-6799),,
1446687,"SILVER STAR PROPERTIES REIT, INC",2011-07-20,8K_SUBMISSIONS,,6500.0,6500.0,SIC excluded (financial 6000-6799),,
804331,Indian Hill Holdings Corp,2011-07-28,8K_FTS+8K_SUBMISSIONS,,4813.0,,no 10-K/10-Q with a period end in 2010-2024,,
1165921,LAW ENFORCEMENT ASSOCIATES CORP,2011-07-29,8K_FTS+8K_SUBMISSIONS,,3663.0,,no entry in companyfacts.zip (never filed XBRL),,
764241,INTEGRA BANK CORP,2011-08-01,8K_FTS+8K_SUBMISSIONS,,6022.0,6022.0,SIC excluded (financial 6000-6799),,
947397,EVERGREEN SOLAR INC,2011-08-15,8K_FTS+8K_SUBMISSIONS,,3674.0,,no entry in companyfacts.zip (never filed XBRL),,
1160165,"ShengdaTech, Inc.",2011-08-19,8K_FTS+8K_SUBMISSIONS+LOPUCKI,11.0,2890.0,,no entry in companyfacts.zip (never filed XBRL),,
744962,NUTRITION 21 INC,2011-08-31,8K_FTS+8K_SUBMISSIONS,,2836.0,,no entry in companyfacts.zip (never filed XBRL),,
84919,"RCLC, INC.",2011-09-09,8K_FTS+8K_SUBMISSIONS,,2890.0,,no entry in companyfacts.zip (never filed XBRL),,
1329068,NewPage Holding CORP,2011-09-12,8K_FTS+8K_SUBMISSIONS,,2621.0,,no entry in companyfacts.zip (never filed XBRL),,
742814,TELEMETRIX INC,2011-09-16,8K_FTS+8K_SUBMISSIONS,,3663.0,,no 10-K/10-Q with a period end in 2010-2024,,
1096560,SULPHCO INC,2011-09-16,8K_FTS+8K_SUBMISSIONS,,1389.0,,no entry in companyfacts.zip (never filed XBRL),,
1160084,LOCATEPLUS HOLDINGS CORP,2011-09-26,8K_FTS+8K_SUBMISSIONS,,7374.0,,no entry in companyfacts.zip (never filed XBRL),,
835012,COMMONWEALTH BANKSHARES INC,2011-09-30,8K_FTS+8K_SUBMISSIONS,,6021.0,6021.0,SIC excluded (financial 6000-6799),,
777516,"Healthsport, Inc.",2011-10-06,8K_FTS+8K_SUBMISSIONS,,2834.0,,no entry in companyfacts.zip (never filed XBRL),,
833203,Wyndstorm CORP,2011-10-13,8K_FTS+8K_SUBMISSIONS,,7389.0,,no 10-K/10-Q with a period end in 2010-2024,,
935724,PMI GROUP INC,2011-10-24,8K_FTS+8K_SUBMISSIONS+LOPUCKI,11.0,6351.0,6351.0,SIC excluded (financial 6000-6799),,
51939,CORUS BANKSHARES INC,2011-10-28,8K_FTS+8K_SUBMISSIONS,,6021.0,,no 10-K/10-Q with a period end in 2010-2024,,
1401106,MF Global Holdings Ltd.,2011-10-31,8K_FTS+8K_SUBMISSIONS+LOPUCKI,11.0,6200.0,6200.0,SIC excluded (financial 6000-6799),,
724742,SYMS CORP  (TPHS),2011-11-02,8K_FTS+8K_SUBMISSIONS+LOPUCKI,11.0,5651.0,6512.0,SIC excluded (financial 6000-6799),,
806085,LEHMAN BROTHERS HOLDINGS INC,2011-12-14,8K_FTS+8K_SUBMISSIONS,,6211.0,,no 10-K/10-Q with a period end in 2010-2024,,
894552,E MED FUTURE INC  (EMDF),2011-12-15,8K_FTS+8K_SUBMISSIONS,,3841.0,,no 10-K/10-Q with a period end in 2010-2024,,
1309126,"Money Tree, Inc.",2011-12-19,8K_FTS+8K_SUBMISSIONS,,6141.0,6141.0,SIC excluded (financial 6000-6799),,
1337913,"Ahern Rentals, Inc.",2011-12-22,LOPUCKI,11.0,7359.0,,no entry in companyfacts.zip (never filed XBRL),,
706465,HENRY COUNTY BANCSHARES INC,2012-01-24,8K_FTS+8K_SUBMISSIONS,,6022.0,6022.0,SIC excluded (financial 6000-6799),,
895642,ENER1 INC,2012-01-26,8K_FTS+8K_SUBMISSIONS+LOPUCKI,11.0,3690.0,,no entry in companyfacts.zip (never filed XBRL),,
1323033,"Tennessee Commerce Bancorp, Inc.",2012-01-30,8K_FTS+8K_SUBMISSIONS,,6022.0,6022.0,SIC excluded (financial 6000-6799),,
216039,Grubb & Ellis Company,2012-02-20,8K_FTS+8K_SUBMISSIONS+LOPUCKI,11.0,6531.0,6531.0,SIC excluded (financial 6000-6799),,
933136,"WASHINGTON MUTUAL, INC  (COOP)",2012-03-01,8K_FTS+8K_SUBMISSIONS,,6035.0,6199.0,SIC excluded (financial 6000-6799),,
944725,"United Western Bancorp, Inc.",2012-03-02,8K_FTS+8K_SUBMISSIONS+LOPUCKI,11.0,6022.0,6022.0,SIC excluded (financial 6000-6799),,
894490,BANKUNITED FINANCIAL CORP,2012-03-09,8K_FTS+8K_SUBMISSIONS,,6035.0,,no 10-K/10-Q with a period end in 2010-2024,,
1253710,"CANO PETROLEUM, INC",2012-03-13,8K_FTS+8K_SUBMISSIONS,,1311.0,,no entry in companyfacts.zip (never filed XBRL),,
811036,"TaxMasters, Inc.",2012-03-16,8K_FTS+8K_SUBMISSIONS,,7200.0,,no entry in companyfacts.zip (never filed XBRL),,
1344770,RECYCLE TECH INC,2012-03-29,8K_FTS+8K_SUBMISSIONS,,5734.0,,no 10-K/10-Q with a period end in 2010-2024,,
1367387,Exterra Energy Inc.,2012-05-01,8K_FTS+8K_SUBMISSIONS,,1311.0,,no entry in companyfacts.zip (never filed XBRL),,
856569,ENCORIUM GROUP INC,2012-05-18,8K_FTS+8K_SUBMISSIONS,,8731.0,,no entry in companyfacts.zip (never filed XBRL),,
913144,"RENAISSANCERE HOLDINGS LTD  (RNR, RNR-PF, RNR-PG)",2012-05-22,8K_FTS+8K_SUBMISSIONS,,6331.0,6331.0,SIC excluded (financial 6000-6799),,
831246,FRANKLIN CREDIT HOLDING CORP/DE/,2012-06-05,8K_FTS+8K_SUBMISSIONS,,6199.0,6199.0,SIC excluded (financial 6000-6799),,
74273,OLD STONE CORP,2012-06-06,8K_FTS+8K_SUBMISSIONS,,6035.0,,no 10-K/10-Q with a period end in 2010-2024,,
1097575,"AcuNetx, Inc.",2012-08-07,8K_FTS+8K_SUBMISSIONS,,3841.0,,no entry in companyfacts.zip (never filed XBRL),,
840264,CAPITOL BANCORP LTD,2012-08-09,8K_FTS+8K_SUBMISSIONS+LOPUCKI,11.0,6021.0,6021.0,SIC excluded (financial 6000-6799),,
731859,Ampal-American Israel Corporation,2012-08-29,8K_FTS+8K_SUBMISSIONS+LOPUCKI,11.0,6799.0,6799.0,SIC excluded (financial 6000-6799),,
1068912,FIRST PLACE FINANCIAL CORP /DE/,2012-10-29,8K_FTS+8K_SUBMISSIONS+LOPUCKI,11.0,6035.0,6035.0,SIC excluded (financial 6000-6799),,
707855,PRINCETON NATIONAL BANCORP INC,2012-11-05,8K_FTS+8K_SUBMISSIONS,,6021.0,6021.0,SIC excluded (financial 6000-6799),,
810536,FIRSTFED FINANCIAL CORP,2012-11-16,8K_FTS+8K_SUBMISSIONS,,6035.0,,no 10-K/10-Q with a period end in 2010-2024,,
911631,TRIAD GUARANTY INC,2012-12-12,8K_FTS+8K_SUBMISSIONS+LOPUCKI,11.0,6351.0,6351.0,SIC excluded (financial 6000-6799),,
1123541,"Penson Worldwide, Inc.",2013-01-11,LOPUCKI,11.0,6211.0,6211.0,SIC excluded (financial 6000-6799),,
764897,Banyan Rail Services Inc.  (BRST),2013-01-14,8K_FTS+8K_SUBMISSIONS,,6798.0,6500.0,SIC excluded (financial 6000-6799),,
1488591,"COVENANT BANCSHARES, INC.",2013-02-21,8K_FTS+8K_SUBMISSIONS,,6022.0,6022.0,SIC excluded (financial 6000-6799),,
1009833,GABRIEL TECHNOLOGIES CORP,2013-03-04,8K_FTS+8K_SUBMISSIONS,,7310.0,,no 10-K/10-Q with a period end in 2010-2024,,
1064015,AMERITRANS CAPITAL CORP,2013-05-01,8K_FTS+8K_SUBMISSIONS,,,,no entry in companyfacts.zip (never filed XBRL),,
870398,SBM CERTIFICATE CO,2013-05-03,8K_FTS+8K_SUBMISSIONS,,,,no 10-K/10-Q with a period end in 2010-2024,,
1177070,MOUNTAIN NATIONAL BANCSHARES INC,2013-06-10,8K_FTS+8K_SUBMISSIONS,,6021.0,6021.0,SIC excluded (financial 6000-6799),,
1289701,"Mercantile Bancorp, Inc.",2013-06-27,LOPUCKI,11.0,6021.0,6021.0,SIC excluded (financial 6000-6799),,
1368218,"Tootie Pie Company, Inc.",2013-07-09,8K_FTS+8K_SUBMISSIONS,,2050.0,,no entry in companyfacts.zip (never filed XBRL),,
885322,Anchor BanCorp Wisconsin Inc.,2013-08-12,8K_FTS+8K_SUBMISSIONS+LOPUCKI,11.0,6036.0,6036.0,SIC excluded (financial 6000-6799),,
1127358,Colorado 2000B Limited Partnership,2013-09-18,8K_FTS+8K_SUBMISSIONS,,1381.0,,no 10-K/10-Q with a period end in 2010-2024,,
1042582,Eastern 1997D Limited Partnership,2013-09-18,8K_FTS+8K_SUBMISSIONS,,1381.0,,no 10-K/10-Q with a period end in 2010-2024,,
1224923,Colorado 2002A Limited Partnership,2013-09-18,8K_FTS+8K_SUBMISSIONS,,1382.0,,no 10-K/10-Q with a period end in 2010-2024,,
1156221,Colorado 2001A Limited Partnership,2013-09-18,8K_FTS+8K_SUBMISSIONS,,1381.0,,no 10-K/10-Q with a period end in 2010-2024,,
1127362,Colorado 2000D Limited Partnership,2013-09-18,8K_FTS+8K_SUBMISSIONS,,1381.0,,no 10-K/10-Q with a period end in 2010-2024,,
1156220,Colorado 2001C Limited Partnership,2013-09-18,8K_FTS+8K_SUBMISSIONS,,1381.0,,no 10-K/10-Q with a period end in 2010-2024,,
1093942,CO & PA 1999D Limited Partnership,2013-09-18,8K_FTS+8K_SUBMISSIONS,,1381.0,,no 10-K/10-Q with a period end in 2010-2024,,
1156218,Colorado 2001B Limited Partnership,2013-09-18,8K_FTS+8K_SUBMISSIONS,,1381.0,,no 10-K/10-Q with a period end in 2010-2024,,
1127360,Colorado 2000C Limited Partnership,2013-09-18,8K_FTS+8K_SUBMISSIONS,,1381.0,,no 10-K/10-Q with a period end in 2010-2024,,
1156216,Colorado 2001D Limited Partnership,2013-09-18,8K_FTS+8K_SUBMISSIONS,,1381.0,,no 10-K/10-Q with a period end in 2010-2024,,
1031999,Eastern 1996D Limited Partnership,2013-09-18,8K_FTS+8K_SUBMISSIONS,,1381.0,,no 10-K/10-Q with a period end in 2010-2024,,
1080504,Eastern 1998D Limited Partnership,2013-09-18,8K_FTS+8K_SUBMISSIONS,,1311.0,,no 10-K/10-Q with a period end in 2010-2024,,
946090,First Mariner Bancorp,2014-02-10,8K_FTS+8K_SUBMISSIONS+LOPUCKI,11.0,6022.0,6022.0,SIC excluded (financial 6000-6799),,
1121783,AMERICAN SPECTRUM REALTY INC,2014-02-21,8K_FTS+8K_SUBMISSIONS+LOPUCKI,11.0,6798.0,6798.0,SIC excluded (financial 6000-6799),,
924095,WATERSIDE CAPITAL CORP  (MVCO),2014-06-03,8K_FTS+8K_SUBMISSIONS,,6199.0,6199.0,SIC excluded (financial 6000-6799),,
1281984,"Decentral Life, Inc.",2014-06-27,8K_SUBMISSIONS,,6199.0,6199.0,SIC excluded (financial 6000-6799),,
1541354,"Twin Cities Power Holdings, LLC",2015-01-22,8K_FTS+8K_SUBMISSIONS,,6221.0,6221.0,SIC excluded (financial 6000-6799),,
49534,LIFE PARTNERS HOLDINGS INC,2015-01-26,8K_FTS+8K_SUBMISSIONS,,6311.0,6311.0,SIC excluded (financial 6000-6799),,
1106935,IVANHOE ENERGY INC,2015-02-26,8K_FTS+8K_SUBMISSIONS,,1311.0,,no entry in companyfacts.zip (never filed XBRL),,
840889,DORAL FINANCIAL CORP,2015-03-02,8K_FTS+8K_SUBMISSIONS+LOPUCKI,11.0,6029.0,6029.0,SIC excluded (financial 6000-6799),,
1512369,Colt Finance Corp.,2015-06-15,8K_FTS+8K_SUBMISSIONS,,3480.0,,no entry in companyfacts.zip (never filed XBRL),,
1282543,AFFIRMATIVE INSURANCE HOLDINGS INC,2015-09-17,8K_FTS+8K_SUBMISSIONS,,6331.0,6331.0,SIC excluded (financial 6000-6799),,
1336545,"American Apparel, Inc. (2015)",2015-10-05,8K_FTS+8K_SUBMISSIONS+LOPUCKI,11.0,6770.0,6770.0,SIC excluded (financial 6000-6799),,
1015979,Bio Nitrogen Holdings Corp,2015-11-04,8K_FTS+8K_SUBMISSIONS,,5040.0,,no 10-K/10-Q with a period end in 2010-2024,,
1395864,Verso Paper Holdings LLC,2016-01-26,8K_FTS+8K_SUBMISSIONS,,2670.0,,no entry in companyfacts.zip (never filed XBRL),,
1568832,RCS Capital Corporation,2016-01-31,8K_FTS+8K_SUBMISSIONS+LOPUCKI,11.0,6211.0,6211.0,SIC excluded (financial 6000-6799),,
1440153,"Bakhu Holdings, Corp.",2016-05-11,8K_SUBMISSIONS,,6794.0,6794.0,SIC excluded (financial 6000-6799),,
1025953,"NOVATION COMPANIES, INC.",2016-07-22,8K_FTS+8K_SUBMISSIONS,,6531.0,6531.0,SIC excluded (financial 6000-6799),,
1496631,First NBC Bank Holding Co,2017-05-04,8K_FTS+8K_SUBMISSIONS+LOPUCKI,11.0,6022.0,6022.0,SIC excluded (financial 6000-6799),,
1536256,First Capital Real Estate Trust Inc,2017-06-02,8K_FTS+8K_SUBMISSIONS,,6798.0,6798.0,SIC excluded (financial 6000-6799),,
1138258,"GENON MID-ATLANTIC, LLC",2017-06-14,8K_FTS+8K_SUBMISSIONS,,4911.0,,no entry in companyfacts.zip (never filed XBRL),,
1554923,Aina Le'a Inc.,2017-06-30,8K_FTS+8K_SUBMISSIONS,,6500.0,6500.0,SIC excluded (financial 6000-6799),,
1040719,Walter Investment Management Corp.,2017-11-30,8K_FTS+8K_SUBMISSIONS+LOPUCKI,11.0,6162.0,6162.0,SIC excluded (financial 6000-6799),,
1499912,"Global Brokerage, Inc.",2017-12-11,LOPUCKI,11.0,6200.0,6200.0,SIC excluded (financial 6000-6799),,
1580185,J.G. Wentworth Co,2017-12-12,8K_FTS+8K_SUBMISSIONS+LOPUCKI,11.0,6199.0,6199.0,SIC excluded (financial 6000-6799),,
1619917,"Patriot National, Inc.",2018-01-30,LOPUCKI,11.0,6411.0,6411.0,SIC excluded (financial 6000-6799),,
1494448,"EMERGENT CAPITAL, INC.",2018-12-14,8K_FTS+8K_SUBMISSIONS,,6311.0,6311.0,SIC excluded (financial 6000-6799),,
1434621,"LendingTree, Inc.  (TREE)",2019-07-25,8K_FTS+8K_SUBMISSIONS,,6163.0,6163.0,SIC excluded (financial 6000-6799),,
1045425,RAIT Financial Trust,2019-08-30,8K_FTS+8K_SUBMISSIONS+LOPUCKI,11.0,6798.0,6798.0,SIC excluded (financial 6000-6799),,
727346,"GLOBAL HEALTHCARE REIT, INC.  (GBCS)",2019-10-23,8K_FTS+8K_SUBMISSIONS,,6798.0,6798.0,SIC excluded (financial 6000-6799),,
318716,"U.S. Aerospace, Inc.",2019-11-04,8K_FTS+8K_SUBMISSIONS,,3728.0,,no entry in companyfacts.zip (never filed XBRL),,
1157987,MERRILL LYNCH DEPOSITOR INC PREFERREDPLUS TRUST SER CZN 1,2020-04-17,8K_FTS+8K_SUBMISSIONS,,6189.0,6189.0,SIC excluded (financial 6000-6799),,
1636509,"Vitalibis, Inc.",2020-06-16,8K_FTS+8K_SUBMISSIONS,,6799.0,6799.0,SIC excluded (financial 6000-6799),,
1397403,IMH Financial Corp,2020-07-23,8K_FTS+8K_SUBMISSIONS,,6500.0,6500.0,SIC excluded (financial 6000-6799),,
711665,"Gadsden Properties, Inc.",2020-10-13,8K_FTS+8K_SUBMISSIONS,,6500.0,6500.0,SIC excluded (financial 6000-6799),,
77281,Pennsylvania Real Estate Investment Trust,2020-11-01,8K_FTS+8K_SUBMISSIONS+LOPUCKI,11.0,6798.0,6798.0,SIC excluded (financial 6000-6799),,
910612,CBL & Associates Properties Inc. (CBL & Associates LP),2020-11-01,8K_FTS+8K_SUBMISSIONS+LOPUCKI,11.0,6798.0,6798.0,SIC excluded (financial 6000-6799),,
915140,CBL & ASSOCIATES LIMITED PARTNERSHIP,2020-11-02,8K_FTS+8K_SUBMISSIONS,,6798.0,6798.0,SIC excluded (financial 6000-6799),,
922360,FERRELLGAS FINANCE CORP,2021-01-11,8K_FTS+8K_SUBMISSIONS,,5900.0,,no entry in companyfacts.zip (never filed XBRL),,
1012493,FERRELLGAS PARTNERS FINANCE CORP,2021-01-11,8K_FTS+8K_SUBMISSIONS,,5900.0,,no entry in companyfacts.zip (never filed XBRL),,
1536577,Medley LLC,2021-03-08,8K_FTS+8K_SUBMISSIONS,,6282.0,6282.0,SIC excluded (financial 6000-6799),,
1692144,Life Partners Position Holder Trust,2021-04-01,8K_FTS+8K_SUBMISSIONS,,6311.0,6311.0,SIC excluded (financial 6000-6799),,
1705222,"Life Partners IRA Holder Partnership, LLC",2021-04-01,8K_FTS+8K_SUBMISSIONS,,6311.0,6311.0,SIC excluded (financial 6000-6799),,
1583077,"Hospitality Investors Trust, Inc.",2021-05-19,8K_FTS+8K_SUBMISSIONS+LOPUCKI,11.0,6798.0,6798.0,SIC excluded (financial 6000-6799),,
1594686,"Washington Prime Group Inc. (Washington Prime Group, L.P.)",2021-06-13,8K_FTS+8K_SUBMISSIONS+LOPUCKI,11.0,6798.0,6798.0,SIC excluded (financial 6000-6799),,
1610911,"Washington Prime Group, L.P.",2021-06-14,8K_FTS+8K_SUBMISSIONS,,6798.0,6798.0,SIC excluded (financial 6000-6799),,
1539894,"Atlas Financial Holdings, Inc.  (AFHIF)",2022-03-01,8K_FTS+8K_SUBMISSIONS,,6331.0,6331.0,SIC excluded (financial 6000-6799),,
1522690,"GWG Holdings, Inc.",2022-04-20,8K_FTS+8K_SUBMISSIONS+LOPUCKI,11.0,6311.0,6311.0,SIC excluded (financial 6000-6799),,
1069996,FedNat Holding Co,2022-12-12,8K_FTS+8K_SUBMISSIONS,,6331.0,6331.0,SIC excluded (financial 6000-6799),,
1839341,"Core Scientific, Inc./tx  (CORZ, CORZR, CORZW, CORZZ)",2022-12-21,8K_FTS+8K_SUBMISSIONS,,7374.0,6199.0,SIC excluded (financial 6000-6799),,
719739,SVB FINANCIAL GROUP  (SIVBQ),2023-03-10,8K_FTS+8K_SUBMISSIONS,,6022.0,6022.0,SIC excluded (financial 6000-6799),,
100716,UNICO AMERICAN CORP  (UNAM),2023-06-02,8K_FTS+8K_SUBMISSIONS,,6331.0,6331.0,SIC excluded (financial 6000-6799),,
1821850,Sunlight Financial Holdings Inc.,2023-10-31,8K_FTS+8K_SUBMISSIONS,,6199.0,6199.0,SIC excluded (financial 6000-6799),,
1813756,WeWork Inc.,2023-11-07,8K_FTS+8K_SUBMISSIONS,,6512.0,6512.0,SIC excluded (financial 6000-6799),,
1870129,Rose Hill Acquisition Corp,2024-02-13,8K_FTS+8K_SUBMISSIONS,,6770.0,6770.0,SIC excluded (financial 6000-6799),,
1347652,"CorEnergy Infrastructure Trust, Inc.",2024-02-26,8K_FTS+8K_SUBMISSIONS,,6798.0,6798.0,SIC excluded (financial 6000-6799),,
1711291,CURO Group Holdings Corp.,2024-03-25,8K_FTS+8K_SUBMISSIONS,,6199.0,6199.0,SIC excluded (financial 6000-6799),,
867028,"FOMO WORLDWIDE, INC.  (IGOT)",2024-04-15,8K_FTS+8K_SUBMISSIONS,,6799.0,6799.0,SIC excluded (financial 6000-6799),,
834285,"REPUBLIC FIRST BANCORP INC  (FRBK, FRBKQ)",2024-04-29,8K_FTS+8K_SUBMISSIONS,,6022.0,6022.0,SIC excluded (financial 6000-6799),,
1519401,Regional Management Corp.,2024-06-20,8K_SUBMISSIONS,,6141.0,6141.0,SIC excluded (financial 6000-6799),,
1559998,"Gaucho Group Holdings, Inc.  (VINO)",2024-11-12,8K_FTS+8K_SUBMISSIONS,,6552.0,6552.0,SIC excluded (financial 6000-6799),,
75488,PACIFIC GAS & ELECTRIC Co,2019-01-14,8K_FTS+8K_SUBMISSIONS,,4931.0,,"in scope but produced no usable firm-quarter (empty or parent-filed XBRL, or no periodic facts in the study window)",1.0,0.0
922359,FERRELLGAS L P,2021-01-11,8K_FTS+8K_SUBMISSIONS,,5900.0,,"in scope but produced no usable firm-quarter (empty or parent-filed XBRL, or no periodic facts in the study window)",210.0,0.0
1069353,"Conexant Systems, Inc.",2013-02-28,LOPUCKI,11,3674.0,,"in scope but produced no usable firm-quarter (empty or parent-filed XBRL, or no periodic facts in the study window)",62.0,1.0
1140761,GENON AMERICAS GENERATION LLC,2017-06-14,8K_FTS+8K_SUBMISSIONS,,4911.0,,"in scope but produced no usable firm-quarter (empty or parent-filed XBRL, or no periodic facts in the study window)",2.0,0.0
1328910,TRONOX INC,2010-11-23,8K_FTS+8K_SUBMISSIONS,,2810.0,,"in scope but produced no usable firm-quarter (empty or parent-filed XBRL, or no periodic facts in the study window)",0.0,0.0
1627606,DAVIDsTEA Inc.  (DTEAF),2020-07-09,8K_FTS+8K_SUBMISSIONS,,5400.0,,"in scope but produced no usable firm-quarter (empty or parent-filed XBRL, or no periodic facts in the study window)",1.0,0.0
